sample,fastq_1,fastq_2,genome
mix_A1,/scratch-cbe/users/thomas.ellis/mix_plate/fastq/H7MWJDSX3_1#188467_TGCCGGTCAGCCTGATACAA.fastq.gz,/scratch-cbe/users/thomas.ellis/mix_plate/fastq/H7MWJDSX3_2#188467_TGCCGGTCAGCCTGATACAA.fastq.gz,01_data/03_reference_genome/TAIR10_wholeGenome_withVectors.fasta
mix_A10,/scratch-cbe/users/thomas.ellis/mix_plate/fastq/H7MWJDSX3_1#188467_TTCTGTAGAAGAGCGCAATA.fastq.gz,/scratch-cbe/users/thomas.ellis/mix_plate/fastq/H7MWJDSX3_2#188467_TTCTGTAGAAGAGCGCAATA.fastq.gz,01_data/03_reference_genome/TAIR10_wholeGenome_withVectors.fasta
mix_A11,/scratch-cbe/users/thomas.ellis/mix_plate/fastq/H7MWJDSX3_1#188467_GAACGCAATAATCTTACTGT.fastq.gz,/scratch-cbe/users/thomas.ellis/mix_plate/fastq/H7MWJDSX3_2#188467_GAACGCAATAATCTTACTGT.fastq.gz,01_data/03_reference_genome/TAIR10_wholeGenome_withVectors.fasta
mix_A12,/scratch-cbe/users/thomas.ellis/mix_plate/fastq/H7MWJDSX3_1#188467_AGTACTCATGATGTCGTGGT.fastq.gz,/scratch-cbe/users/thomas.ellis/mix_plate/fastq/H7MWJDSX3_2#188467_AGTACTCATGATGTCGTGGT.fastq.gz,01_data/03_reference_genome/TAIR10_wholeGenome_withVectors.fasta
mix_A2,/scratch-cbe/users/thomas.ellis/mix_plate/fastq/H7MWJDSX3_1#188467_CACTCAATTCTTAAGTTGTG.fastq.gz,/scratch-cbe/users/thomas.ellis/mix_plate/fastq/H7MWJDSX3_2#188467_CACTCAATTCTTAAGTTGTG.fastq.gz,01_data/03_reference_genome/TAIR10_wholeGenome_withVectors.fasta
mix_A3,/scratch-cbe/users/thomas.ellis/mix_plate/fastq/H7MWJDSX3_1#188467_TCTCACACGCCGGACAGTGA.fastq.gz,/scratch-cbe/users/thomas.ellis/mix_plate/fastq/H7MWJDSX3_2#188467_TCTCACACGCCGGACAGTGA.fastq.gz,01_data/03_reference_genome/TAIR10_wholeGenome_withVectors.fasta
mix_A4,/scratch-cbe/users/thomas.ellis/mix_plate/fastq/H7MWJDSX3_1#188467_TCAATGGAGAGCACTACAAC.fastq.gz,/scratch-cbe/users/thomas.ellis/mix_plate/fastq/H7MWJDSX3_2#188467_TCAATGGAGAGCACTACAAC.fastq.gz,01_data/03_reference_genome/TAIR10_wholeGenome_withVectors.fasta
mix_A5,/scratch-cbe/users/thomas.ellis/mix_plate/fastq/H7MWJDSX3_1#188467_ATATGCATGTTGGTGCCTGG.fastq.gz,/scratch-cbe/users/thomas.ellis/mix_plate/fastq/H7MWJDSX3_2#188467_ATATGCATGTTGGTGCCTGG.fastq.gz,01_data/03_reference_genome/TAIR10_wholeGenome_withVectors.fasta
mix_A6,/scratch-cbe/users/thomas.ellis/mix_plate/fastq/H7MWJDSX3_1#188467_ATGGCGCCTGTCCACGGCCT.fastq.gz,/scratch-cbe/users/thomas.ellis/mix_plate/fastq/H7MWJDSX3_2#188467_ATGGCGCCTGTCCACGGCCT.fastq.gz,01_data/03_reference_genome/TAIR10_wholeGenome_withVectors.fasta
mix_A7,/scratch-cbe/users/thomas.ellis/mix_plate/fastq/H7MWJDSX3_1#188467_TCCGTTATGTTTGTAGTGTA.fastq.gz,/scratch-cbe/users/thomas.ellis/mix_plate/fastq/H7MWJDSX3_2#188467_TCCGTTATGTTTGTAGTGTA.fastq.gz,01_data/03_reference_genome/TAIR10_wholeGenome_withVectors.fasta
mix_A8,/scratch-cbe/users/thomas.ellis/mix_plate/fastq/H7MWJDSX3_1#188467_GGTCTATTAACCACGACACG.fastq.gz,/scratch-cbe/users/thomas.ellis/mix_plate/fastq/H7MWJDSX3_2#188467_GGTCTATTAACCACGACACG.fastq.gz,01_data/03_reference_genome/TAIR10_wholeGenome_withVectors.fasta
mix_A9,/scratch-cbe/users/thomas.ellis/mix_plate/fastq/H7MWJDSX3_1#188467_CAGCAATCGTTGTGATGTAT.fastq.gz,/scratch-cbe/users/thomas.ellis/mix_plate/fastq/H7MWJDSX3_2#188467_CAGCAATCGTTGTGATGTAT.fastq.gz,01_data/03_reference_genome/TAIR10_wholeGenome_withVectors.fasta
mix_B1,/scratch-cbe/users/thomas.ellis/mix_plate/fastq/H7MWJDSX3_1#188467_GGTAGAATTAGTAGCCATCA.fastq.gz,/scratch-cbe/users/thomas.ellis/mix_plate/fastq/H7MWJDSX3_2#188467_GGTAGAATTAGTAGCCATCA.fastq.gz,01_data/03_reference_genome/TAIR10_wholeGenome_withVectors.fasta
mix_B10,/scratch-cbe/users/thomas.ellis/mix_plate/fastq/H7MWJDSX3_1#188467_ATACTTGTTCTAACCGCCGA.fastq.gz,/scratch-cbe/users/thomas.ellis/mix_plate/fastq/H7MWJDSX3_2#188467_ATACTTGTTCTAACCGCCGA.fastq.gz,01_data/03_reference_genome/TAIR10_wholeGenome_withVectors.fasta
mix_B11,/scratch-cbe/users/thomas.ellis/mix_plate/fastq/H7MWJDSX3_1#188467_TCCGCCAATTCTCCGTGCTG.fastq.gz,/scratch-cbe/users/thomas.ellis/mix_plate/fastq/H7MWJDSX3_2#188467_TCCGCCAATTCTCCGTGCTG.fastq.gz,01_data/03_reference_genome/TAIR10_wholeGenome_withVectors.fasta
mix_B12,/scratch-cbe/users/thomas.ellis/mix_plate/fastq/H7MWJDSX3_1#188467_AGGACAGGCCCATTCCAGCT.fastq.gz,/scratch-cbe/users/thomas.ellis/mix_plate/fastq/H7MWJDSX3_2#188467_AGGACAGGCCCATTCCAGCT.fastq.gz,01_data/03_reference_genome/TAIR10_wholeGenome_withVectors.fasta
mix_B2,/scratch-cbe/users/thomas.ellis/mix_plate/fastq/H7MWJDSX3_1#188467_TAATTAGCGTTGGTTAAGAA.fastq.gz,/scratch-cbe/users/thomas.ellis/mix_plate/fastq/H7MWJDSX3_2#188467_TAATTAGCGTTGGTTAAGAA.fastq.gz,01_data/03_reference_genome/TAIR10_wholeGenome_withVectors.fasta
mix_B3,/scratch-cbe/users/thomas.ellis/mix_plate/fastq/H7MWJDSX3_1#188467_ATTAACAAGGTGTTGTTCGT.fastq.gz,/scratch-cbe/users/thomas.ellis/mix_plate/fastq/H7MWJDSX3_2#188467_ATTAACAAGGTGTTGTTCGT.fastq.gz,01_data/03_reference_genome/TAIR10_wholeGenome_withVectors.fasta
mix_B4,/scratch-cbe/users/thomas.ellis/mix_plate/fastq/H7MWJDSX3_1#188467_TGATGGCTACCCAACAACAT.fastq.gz,/scratch-cbe/users/thomas.ellis/mix_plate/fastq/H7MWJDSX3_2#188467_TGATGGCTACCCAACAACAT.fastq.gz,01_data/03_reference_genome/TAIR10_wholeGenome_withVectors.fasta
mix_B5,/scratch-cbe/users/thomas.ellis/mix_plate/fastq/H7MWJDSX3_1#188467_GAATTACAAGACCGGCTCAG.fastq.gz,/scratch-cbe/users/thomas.ellis/mix_plate/fastq/H7MWJDSX3_2#188467_GAATTACAAGACCGGCTCAG.fastq.gz,01_data/03_reference_genome/TAIR10_wholeGenome_withVectors.fasta
mix_B6,/scratch-cbe/users/thomas.ellis/mix_plate/fastq/H7MWJDSX3_1#188467_TAGAATTGGAGTTAATCTGA.fastq.gz,/scratch-cbe/users/thomas.ellis/mix_plate/fastq/H7MWJDSX3_2#188467_TAGAATTGGAGTTAATCTGA.fastq.gz,01_data/03_reference_genome/TAIR10_wholeGenome_withVectors.fasta
mix_B7,/scratch-cbe/users/thomas.ellis/mix_plate/fastq/H7MWJDSX3_1#188467_AGGCAGCTCTCGGCTAACGT.fastq.gz,/scratch-cbe/users/thomas.ellis/mix_plate/fastq/H7MWJDSX3_2#188467_AGGCAGCTCTCGGCTAACGT.fastq.gz,01_data/03_reference_genome/TAIR10_wholeGenome_withVectors.fasta
mix_B8,/scratch-cbe/users/thomas.ellis/mix_plate/fastq/H7MWJDSX3_1#188467_ATCGGCGAAGTCCAAGAATT.fastq.gz,/scratch-cbe/users/thomas.ellis/mix_plate/fastq/H7MWJDSX3_2#188467_ATCGGCGAAGTCCAAGAATT.fastq.gz,01_data/03_reference_genome/TAIR10_wholeGenome_withVectors.fasta
mix_B9,/scratch-cbe/users/thomas.ellis/mix_plate/fastq/H7MWJDSX3_1#188467_CCGTGACCGACCGAACGTTG.fastq.gz,/scratch-cbe/users/thomas.ellis/mix_plate/fastq/H7MWJDSX3_2#188467_CCGTGACCGACCGAACGTTG.fastq.gz,01_data/03_reference_genome/TAIR10_wholeGenome_withVectors.fasta
mix_C1,/scratch-cbe/users/thomas.ellis/mix_plate/fastq/H7MWJDSX3_1#188467_AGAGAACCTAGGTTATGCTA.fastq.gz,/scratch-cbe/users/thomas.ellis/mix_plate/fastq/H7MWJDSX3_2#188467_AGAGAACCTAGGTTATGCTA.fastq.gz,01_data/03_reference_genome/TAIR10_wholeGenome_withVectors.fasta
mix_C10,/scratch-cbe/users/thomas.ellis/mix_plate/fastq/H7MWJDSX3_1#188467_ATAGCCAAGAAGTGCCACTG.fastq.gz,/scratch-cbe/users/thomas.ellis/mix_plate/fastq/H7MWJDSX3_2#188467_ATAGCCAAGAAGTGCCACTG.fastq.gz,01_data/03_reference_genome/TAIR10_wholeGenome_withVectors.fasta
mix_C11,/scratch-cbe/users/thomas.ellis/mix_plate/fastq/H7MWJDSX3_1#188467_TTCGGTGTGAGAACAAGTAT.fastq.gz,/scratch-cbe/users/thomas.ellis/mix_plate/fastq/H7MWJDSX3_2#188467_TTCGGTGTGAGAACAAGTAT.fastq.gz,01_data/03_reference_genome/TAIR10_wholeGenome_withVectors.fasta
mix_C12,/scratch-cbe/users/thomas.ellis/mix_plate/fastq/H7MWJDSX3_1#188467_ATGTAACGTTACGATTGCTG.fastq.gz,/scratch-cbe/users/thomas.ellis/mix_plate/fastq/H7MWJDSX3_2#188467_ATGTAACGTTACGATTGCTG.fastq.gz,01_data/03_reference_genome/TAIR10_wholeGenome_withVectors.fasta
mix_C2,/scratch-cbe/users/thomas.ellis/mix_plate/fastq/H7MWJDSX3_1#188467_GATATTGTGTACCACACGGT.fastq.gz,/scratch-cbe/users/thomas.ellis/mix_plate/fastq/H7MWJDSX3_2#188467_GATATTGTGTACCACACGGT.fastq.gz,01_data/03_reference_genome/TAIR10_wholeGenome_withVectors.fasta
mix_C3,/scratch-cbe/users/thomas.ellis/mix_plate/fastq/H7MWJDSX3_1#188467_CGTACAGGAATAGGTTCTCT.fastq.gz,/scratch-cbe/users/thomas.ellis/mix_plate/fastq/H7MWJDSX3_2#188467_CGTACAGGAATAGGTTCTCT.fastq.gz,01_data/03_reference_genome/TAIR10_wholeGenome_withVectors.fasta
mix_C4,/scratch-cbe/users/thomas.ellis/mix_plate/fastq/H7MWJDSX3_1#188467_CTGCGTTACCTATGGCTCGA.fastq.gz,/scratch-cbe/users/thomas.ellis/mix_plate/fastq/H7MWJDSX3_2#188467_CTGCGTTACCTATGGCTCGA.fastq.gz,01_data/03_reference_genome/TAIR10_wholeGenome_withVectors.fasta
mix_C5,/scratch-cbe/users/thomas.ellis/mix_plate/fastq/H7MWJDSX3_1#188467_AGGCCGTGGACTCGTGCGTT.fastq.gz,/scratch-cbe/users/thomas.ellis/mix_plate/fastq/H7MWJDSX3_2#188467_AGGCCGTGGACTCGTGCGTT.fastq.gz,01_data/03_reference_genome/TAIR10_wholeGenome_withVectors.fasta
mix_C6,/scratch-cbe/users/thomas.ellis/mix_plate/fastq/H7MWJDSX3_1#188467_AGGAGGTATCCCAGTTGGCA.fastq.gz,/scratch-cbe/users/thomas.ellis/mix_plate/fastq/H7MWJDSX3_2#188467_AGGAGGTATCCCAGTTGGCA.fastq.gz,01_data/03_reference_genome/TAIR10_wholeGenome_withVectors.fasta
mix_C7,/scratch-cbe/users/thomas.ellis/mix_plate/fastq/H7MWJDSX3_1#188467_GCTGACGTTGTGTTCGCATT.fastq.gz,/scratch-cbe/users/thomas.ellis/mix_plate/fastq/H7MWJDSX3_2#188467_GCTGACGTTGTGTTCGCATT.fastq.gz,01_data/03_reference_genome/TAIR10_wholeGenome_withVectors.fasta
mix_C8,/scratch-cbe/users/thomas.ellis/mix_plate/fastq/H7MWJDSX3_1#188467_CTAATAACCGAACCGCATCG.fastq.gz,/scratch-cbe/users/thomas.ellis/mix_plate/fastq/H7MWJDSX3_2#188467_CTAATAACCGAACCGCATCG.fastq.gz,01_data/03_reference_genome/TAIR10_wholeGenome_withVectors.fasta
mix_C9,/scratch-cbe/users/thomas.ellis/mix_plate/fastq/H7MWJDSX3_1#188467_TCTAGGCGCGCGAAGGTTAA.fastq.gz,/scratch-cbe/users/thomas.ellis/mix_plate/fastq/H7MWJDSX3_2#188467_TCTAGGCGCGCGAAGGTTAA.fastq.gz,01_data/03_reference_genome/TAIR10_wholeGenome_withVectors.fasta
mix_D1,/scratch-cbe/users/thomas.ellis/mix_plate/fastq/H7MWJDSX3_1#188467_AACGAGGCCGATACCTGGAT.fastq.gz,/scratch-cbe/users/thomas.ellis/mix_plate/fastq/H7MWJDSX3_2#188467_AACGAGGCCGATACCTGGAT.fastq.gz,01_data/03_reference_genome/TAIR10_wholeGenome_withVectors.fasta
mix_D10,/scratch-cbe/users/thomas.ellis/mix_plate/fastq/H7MWJDSX3_1#188467_ACAACTACTGAGTTATCACA.fastq.gz,/scratch-cbe/users/thomas.ellis/mix_plate/fastq/H7MWJDSX3_2#188467_ACAACTACTGAGTTATCACA.fastq.gz,01_data/03_reference_genome/TAIR10_wholeGenome_withVectors.fasta
mix_D11,/scratch-cbe/users/thomas.ellis/mix_plate/fastq/H7MWJDSX3_1#188467_GTTGGATGAATTCCAGGTAA.fastq.gz,/scratch-cbe/users/thomas.ellis/mix_plate/fastq/H7MWJDSX3_2#188467_GTTGGATGAATTCCAGGTAA.fastq.gz,01_data/03_reference_genome/TAIR10_wholeGenome_withVectors.fasta
mix_D12,/scratch-cbe/users/thomas.ellis/mix_plate/fastq/H7MWJDSX3_1#188467_AATCCAATTGCATGTAGAGG.fastq.gz,/scratch-cbe/users/thomas.ellis/mix_plate/fastq/H7MWJDSX3_2#188467_AATCCAATTGCATGTAGAGG.fastq.gz,01_data/03_reference_genome/TAIR10_wholeGenome_withVectors.fasta
mix_D2,/scratch-cbe/users/thomas.ellis/mix_plate/fastq/H7MWJDSX3_1#188467_TGGTGTTATGTCCAATTCTA.fastq.gz,/scratch-cbe/users/thomas.ellis/mix_plate/fastq/H7MWJDSX3_2#188467_TGGTGTTATGTCCAATTCTA.fastq.gz,01_data/03_reference_genome/TAIR10_wholeGenome_withVectors.fasta
mix_D3,/scratch-cbe/users/thomas.ellis/mix_plate/fastq/H7MWJDSX3_1#188467_TGGCCTCTGTTGAGACAGCG.fastq.gz,/scratch-cbe/users/thomas.ellis/mix_plate/fastq/H7MWJDSX3_2#188467_TGGCCTCTGTTGAGACAGCG.fastq.gz,01_data/03_reference_genome/TAIR10_wholeGenome_withVectors.fasta
mix_D4,/scratch-cbe/users/thomas.ellis/mix_plate/fastq/H7MWJDSX3_1#188467_CCAGGCACCAACGCTAATTA.fastq.gz,/scratch-cbe/users/thomas.ellis/mix_plate/fastq/H7MWJDSX3_2#188467_CCAGGCACCAACGCTAATTA.fastq.gz,01_data/03_reference_genome/TAIR10_wholeGenome_withVectors.fasta
mix_D5,/scratch-cbe/users/thomas.ellis/mix_plate/fastq/H7MWJDSX3_1#188467_CCGGTTCCTATATATTCGAG.fastq.gz,/scratch-cbe/users/thomas.ellis/mix_plate/fastq/H7MWJDSX3_2#188467_CCGGTTCCTATATATTCGAG.fastq.gz,01_data/03_reference_genome/TAIR10_wholeGenome_withVectors.fasta
mix_D6,/scratch-cbe/users/thomas.ellis/mix_plate/fastq/H7MWJDSX3_1#188467_GGCCAATATTCGGTCCGATA.fastq.gz,/scratch-cbe/users/thomas.ellis/mix_plate/fastq/H7MWJDSX3_2#188467_GGCCAATATTCGGTCCGATA.fastq.gz,01_data/03_reference_genome/TAIR10_wholeGenome_withVectors.fasta
mix_D7,/scratch-cbe/users/thomas.ellis/mix_plate/fastq/H7MWJDSX3_1#188467_GAATACCTATACAATAGAGT.fastq.gz,/scratch-cbe/users/thomas.ellis/mix_plate/fastq/H7MWJDSX3_2#188467_GAATACCTATACAATAGAGT.fastq.gz,01_data/03_reference_genome/TAIR10_wholeGenome_withVectors.fasta
mix_D8,/scratch-cbe/users/thomas.ellis/mix_plate/fastq/H7MWJDSX3_1#188467_TACGTGAAGGCGGTTATTAG.fastq.gz,/scratch-cbe/users/thomas.ellis/mix_plate/fastq/H7MWJDSX3_2#188467_TACGTGAAGGCGGTTATTAG.fastq.gz,01_data/03_reference_genome/TAIR10_wholeGenome_withVectors.fasta
mix_D9,/scratch-cbe/users/thomas.ellis/mix_plate/fastq/H7MWJDSX3_1#188467_CTTATTGGCCGATAACAAGT.fastq.gz,/scratch-cbe/users/thomas.ellis/mix_plate/fastq/H7MWJDSX3_2#188467_CTTATTGGCCGATAACAAGT.fastq.gz,01_data/03_reference_genome/TAIR10_wholeGenome_withVectors.fasta
mix_E1,/scratch-cbe/users/thomas.ellis/mix_plate/fastq/H7MWJDSX3_1#188467_TATGATGGCCGATTGTCATA.fastq.gz,/scratch-cbe/users/thomas.ellis/mix_plate/fastq/H7MWJDSX3_2#188467_TATGATGGCCGATTGTCATA.fastq.gz,01_data/03_reference_genome/TAIR10_wholeGenome_withVectors.fasta
mix_E10,/scratch-cbe/users/thomas.ellis/mix_plate/fastq/H7MWJDSX3_1#188467_GTTCGGAGTTCGCCTTCTGA.fastq.gz,/scratch-cbe/users/thomas.ellis/mix_plate/fastq/H7MWJDSX3_2#188467_GTTCGGAGTTCGCCTTCTGA.fastq.gz,01_data/03_reference_genome/TAIR10_wholeGenome_withVectors.fasta
mix_E11,/scratch-cbe/users/thomas.ellis/mix_plate/fastq/H7MWJDSX3_1#188467_ATAGCGGAATGCGCAGAGTA.fastq.gz,/scratch-cbe/users/thomas.ellis/mix_plate/fastq/H7MWJDSX3_2#188467_ATAGCGGAATGCGCAGAGTA.fastq.gz,01_data/03_reference_genome/TAIR10_wholeGenome_withVectors.fasta
mix_E12,/scratch-cbe/users/thomas.ellis/mix_plate/fastq/H7MWJDSX3_1#188467_GCAATATTCAGGCGCCAATT.fastq.gz,/scratch-cbe/users/thomas.ellis/mix_plate/fastq/H7MWJDSX3_2#188467_GCAATATTCAGGCGCCAATT.fastq.gz,01_data/03_reference_genome/TAIR10_wholeGenome_withVectors.fasta
mix_E2,/scratch-cbe/users/thomas.ellis/mix_plate/fastq/H7MWJDSX3_1#188467_CGCAGCAATTATTCCGCTAT.fastq.gz,/scratch-cbe/users/thomas.ellis/mix_plate/fastq/H7MWJDSX3_2#188467_CGCAGCAATTATTCCGCTAT.fastq.gz,01_data/03_reference_genome/TAIR10_wholeGenome_withVectors.fasta
mix_E3,/scratch-cbe/users/thomas.ellis/mix_plate/fastq/H7MWJDSX3_1#188467_ACGTTCCTTAGACCGCTGTG.fastq.gz,/scratch-cbe/users/thomas.ellis/mix_plate/fastq/H7MWJDSX3_2#188467_ACGTTCCTTAGACCGCTGTG.fastq.gz,01_data/03_reference_genome/TAIR10_wholeGenome_withVectors.fasta
mix_E4,/scratch-cbe/users/thomas.ellis/mix_plate/fastq/H7MWJDSX3_1#188467_CCGCGTATAGTAGGAACCGG.fastq.gz,/scratch-cbe/users/thomas.ellis/mix_plate/fastq/H7MWJDSX3_2#188467_CCGCGTATAGTAGGAACCGG.fastq.gz,01_data/03_reference_genome/TAIR10_wholeGenome_withVectors.fasta
mix_E5,/scratch-cbe/users/thomas.ellis/mix_plate/fastq/H7MWJDSX3_1#188467_GATTCTGAATAGCGGTGGAC.fastq.gz,/scratch-cbe/users/thomas.ellis/mix_plate/fastq/H7MWJDSX3_2#188467_GATTCTGAATAGCGGTGGAC.fastq.gz,01_data/03_reference_genome/TAIR10_wholeGenome_withVectors.fasta
mix_E6,/scratch-cbe/users/thomas.ellis/mix_plate/fastq/H7MWJDSX3_1#188467_TAGAGAATACTATAGATTCG.fastq.gz,/scratch-cbe/users/thomas.ellis/mix_plate/fastq/H7MWJDSX3_2#188467_TAGAGAATACTATAGATTCG.fastq.gz,01_data/03_reference_genome/TAIR10_wholeGenome_withVectors.fasta
mix_E7,/scratch-cbe/users/thomas.ellis/mix_plate/fastq/H7MWJDSX3_1#188467_TTGTATCAGGACAGAGGCCA.fastq.gz,/scratch-cbe/users/thomas.ellis/mix_plate/fastq/H7MWJDSX3_2#188467_TTGTATCAGGACAGAGGCCA.fastq.gz,01_data/03_reference_genome/TAIR10_wholeGenome_withVectors.fasta
mix_E8,/scratch-cbe/users/thomas.ellis/mix_plate/fastq/H7MWJDSX3_1#188467_CACAGCGGTCATTCCTATTG.fastq.gz,/scratch-cbe/users/thomas.ellis/mix_plate/fastq/H7MWJDSX3_2#188467_CACAGCGGTCATTCCTATTG.fastq.gz,01_data/03_reference_genome/TAIR10_wholeGenome_withVectors.fasta
mix_E9,/scratch-cbe/users/thomas.ellis/mix_plate/fastq/H7MWJDSX3_1#188467_CCACGCTGAATATTCCTCAG.fastq.gz,/scratch-cbe/users/thomas.ellis/mix_plate/fastq/H7MWJDSX3_2#188467_CCACGCTGAATATTCCTCAG.fastq.gz,01_data/03_reference_genome/TAIR10_wholeGenome_withVectors.fasta
mix_F1,/scratch-cbe/users/thomas.ellis/mix_plate/fastq/H7MWJDSX3_1#188467_CTAGATTGCGAGATATGGCG.fastq.gz,/scratch-cbe/users/thomas.ellis/mix_plate/fastq/H7MWJDSX3_2#188467_CTAGATTGCGAGATATGGCG.fastq.gz,01_data/03_reference_genome/TAIR10_wholeGenome_withVectors.fasta
mix_F10,/scratch-cbe/users/thomas.ellis/mix_plate/fastq/H7MWJDSX3_1#188467_CATATGCGATCCTTGAACGG.fastq.gz,/scratch-cbe/users/thomas.ellis/mix_plate/fastq/H7MWJDSX3_2#188467_CATATGCGATCCTTGAACGG.fastq.gz,01_data/03_reference_genome/TAIR10_wholeGenome_withVectors.fasta
mix_F11,/scratch-cbe/users/thomas.ellis/mix_plate/fastq/H7MWJDSX3_1#188467_AGCCTATGATCACCACCTAC.fastq.gz,/scratch-cbe/users/thomas.ellis/mix_plate/fastq/H7MWJDSX3_2#188467_AGCCTATGATCACCACCTAC.fastq.gz,01_data/03_reference_genome/TAIR10_wholeGenome_withVectors.fasta
mix_F12,/scratch-cbe/users/thomas.ellis/mix_plate/fastq/H7MWJDSX3_1#188467_TATGACAATCTTGCTTGTAT.fastq.gz,/scratch-cbe/users/thomas.ellis/mix_plate/fastq/H7MWJDSX3_2#188467_TATGACAATCTTGCTTGTAT.fastq.gz,01_data/03_reference_genome/TAIR10_wholeGenome_withVectors.fasta
mix_F2,/scratch-cbe/users/thomas.ellis/mix_plate/fastq/H7MWJDSX3_1#188467_CGATGCGGTTCCTGCTTGGT.fastq.gz,/scratch-cbe/users/thomas.ellis/mix_plate/fastq/H7MWJDSX3_2#188467_CGATGCGGTTCCTGCTTGGT.fastq.gz,01_data/03_reference_genome/TAIR10_wholeGenome_withVectors.fasta
mix_F3,/scratch-cbe/users/thomas.ellis/mix_plate/fastq/H7MWJDSX3_1#188467_TCCGGACTAGGACGAACAAT.fastq.gz,/scratch-cbe/users/thomas.ellis/mix_plate/fastq/H7MWJDSX3_2#188467_TCCGGACTAGGACGAACAAT.fastq.gz,01_data/03_reference_genome/TAIR10_wholeGenome_withVectors.fasta
mix_F4,/scratch-cbe/users/thomas.ellis/mix_plate/fastq/H7MWJDSX3_1#188467_GTGACGGAGCTGGCGGTCCA.fastq.gz,/scratch-cbe/users/thomas.ellis/mix_plate/fastq/H7MWJDSX3_2#188467_GTGACGGAGCTGGCGGTCCA.fastq.gz,01_data/03_reference_genome/TAIR10_wholeGenome_withVectors.fasta
mix_F5,/scratch-cbe/users/thomas.ellis/mix_plate/fastq/H7MWJDSX3_1#188467_AATTCCATCTCTTCAGTTAC.fastq.gz,/scratch-cbe/users/thomas.ellis/mix_plate/fastq/H7MWJDSX3_2#188467_AATTCCATCTCTTCAGTTAC.fastq.gz,01_data/03_reference_genome/TAIR10_wholeGenome_withVectors.fasta
mix_F6,/scratch-cbe/users/thomas.ellis/mix_plate/fastq/H7MWJDSX3_1#188467_TTAACGGTGTTCCTGACCGT.fastq.gz,/scratch-cbe/users/thomas.ellis/mix_plate/fastq/H7MWJDSX3_2#188467_TTAACGGTGTTCCTGACCGT.fastq.gz,01_data/03_reference_genome/TAIR10_wholeGenome_withVectors.fasta
mix_F7,/scratch-cbe/users/thomas.ellis/mix_plate/fastq/H7MWJDSX3_1#188467_ACTTGTTATCCGCGCCTAGA.fastq.gz,/scratch-cbe/users/thomas.ellis/mix_plate/fastq/H7MWJDSX3_2#188467_ACTTGTTATCCGCGCCTAGA.fastq.gz,01_data/03_reference_genome/TAIR10_wholeGenome_withVectors.fasta
mix_F8,/scratch-cbe/users/thomas.ellis/mix_plate/fastq/H7MWJDSX3_1#188467_CGTGTACCAGAGGATAAGTT.fastq.gz,/scratch-cbe/users/thomas.ellis/mix_plate/fastq/H7MWJDSX3_2#188467_CGTGTACCAGAGGATAAGTT.fastq.gz,01_data/03_reference_genome/TAIR10_wholeGenome_withVectors.fasta
mix_F9,/scratch-cbe/users/thomas.ellis/mix_plate/fastq/H7MWJDSX3_1#188467_TTAACCTTCGAGGCCAGACA.fastq.gz,/scratch-cbe/users/thomas.ellis/mix_plate/fastq/H7MWJDSX3_2#188467_TTAACCTTCGAGGCCAGACA.fastq.gz,01_data/03_reference_genome/TAIR10_wholeGenome_withVectors.fasta
mix_G1,/scratch-cbe/users/thomas.ellis/mix_plate/fastq/H7MWJDSX3_1#188467_ATGTTGTTGGCAATCTATGA.fastq.gz,/scratch-cbe/users/thomas.ellis/mix_plate/fastq/H7MWJDSX3_2#188467_ATGTTGTTGGCAATCTATGA.fastq.gz,01_data/03_reference_genome/TAIR10_wholeGenome_withVectors.fasta
mix_G10,/scratch-cbe/users/thomas.ellis/mix_plate/fastq/H7MWJDSX3_1#188467_GATCGTCGCGCTGGATATGT.fastq.gz,/scratch-cbe/users/thomas.ellis/mix_plate/fastq/H7MWJDSX3_2#188467_GATCGTCGCGCTGGATATGT.fastq.gz,01_data/03_reference_genome/TAIR10_wholeGenome_withVectors.fasta
mix_G11,/scratch-cbe/users/thomas.ellis/mix_plate/fastq/H7MWJDSX3_1#188467_TATCCGAGGCGGCCAATAAG.fastq.gz,/scratch-cbe/users/thomas.ellis/mix_plate/fastq/H7MWJDSX3_2#188467_TATCCGAGGCGGCCAATAAG.fastq.gz,01_data/03_reference_genome/TAIR10_wholeGenome_withVectors.fasta
mix_G12,/scratch-cbe/users/thomas.ellis/mix_plate/fastq/H7MWJDSX3_1#188467_CGCTGTCTCAATTACTCACC.fastq.gz,/scratch-cbe/users/thomas.ellis/mix_plate/fastq/H7MWJDSX3_2#188467_CGCTGTCTCAATTACTCACC.fastq.gz,01_data/03_reference_genome/TAIR10_wholeGenome_withVectors.fasta
mix_G2,/scratch-cbe/users/thomas.ellis/mix_plate/fastq/H7MWJDSX3_1#188467_GCACCACCAATGGTACTGAT.fastq.gz,/scratch-cbe/users/thomas.ellis/mix_plate/fastq/H7MWJDSX3_2#188467_GCACCACCAATGGTACTGAT.fastq.gz,01_data/03_reference_genome/TAIR10_wholeGenome_withVectors.fasta
mix_G3,/scratch-cbe/users/thomas.ellis/mix_plate/fastq/H7MWJDSX3_1#188467_AGGCGTTCGCTTCATCCAAC.fastq.gz,/scratch-cbe/users/thomas.ellis/mix_plate/fastq/H7MWJDSX3_2#188467_AGGCGTTCGCTTCATCCAAC.fastq.gz,01_data/03_reference_genome/TAIR10_wholeGenome_withVectors.fasta
mix_G4,/scratch-cbe/users/thomas.ellis/mix_plate/fastq/H7MWJDSX3_1#188467_CCTCCGGTTGCATAACACCA.fastq.gz,/scratch-cbe/users/thomas.ellis/mix_plate/fastq/H7MWJDSX3_2#188467_CCTCCGGTTGCATAACACCA.fastq.gz,01_data/03_reference_genome/TAIR10_wholeGenome_withVectors.fasta
mix_G5,/scratch-cbe/users/thomas.ellis/mix_plate/fastq/H7MWJDSX3_1#188467_GTCCACCGCTTCCTATTAGC.fastq.gz,/scratch-cbe/users/thomas.ellis/mix_plate/fastq/H7MWJDSX3_2#188467_GTCCACCGCTTCCTATTAGC.fastq.gz,01_data/03_reference_genome/TAIR10_wholeGenome_withVectors.fasta
mix_G6,/scratch-cbe/users/thomas.ellis/mix_plate/fastq/H7MWJDSX3_1#188467_ATTGTTCGTCTCTCTAGATT.fastq.gz,/scratch-cbe/users/thomas.ellis/mix_plate/fastq/H7MWJDSX3_2#188467_ATTGTTCGTCTCTCTAGATT.fastq.gz,01_data/03_reference_genome/TAIR10_wholeGenome_withVectors.fasta
mix_G7,/scratch-cbe/users/thomas.ellis/mix_plate/fastq/H7MWJDSX3_1#188467_GGACCAGTGGCGCGAGCCTA.fastq.gz,/scratch-cbe/users/thomas.ellis/mix_plate/fastq/H7MWJDSX3_2#188467_GGACCAGTGGCGCGAGCCTA.fastq.gz,01_data/03_reference_genome/TAIR10_wholeGenome_withVectors.fasta
mix_G8,/scratch-cbe/users/thomas.ellis/mix_plate/fastq/H7MWJDSX3_1#188467_CCTTCTAACAGATAAGCTCT.fastq.gz,/scratch-cbe/users/thomas.ellis/mix_plate/fastq/H7MWJDSX3_2#188467_CCTTCTAACAGATAAGCTCT.fastq.gz,01_data/03_reference_genome/TAIR10_wholeGenome_withVectors.fasta
mix_G9,/scratch-cbe/users/thomas.ellis/mix_plate/fastq/H7MWJDSX3_1#188467_CTCGAATATAGAGATGTCGA.fastq.gz,/scratch-cbe/users/thomas.ellis/mix_plate/fastq/H7MWJDSX3_2#188467_CTCGAATATAGAGATGTCGA.fastq.gz,01_data/03_reference_genome/TAIR10_wholeGenome_withVectors.fasta
mix_H1,/scratch-cbe/users/thomas.ellis/mix_plate/fastq/H7MWJDSX3_1#188467_AATGCGAACAAATTGGCGGA.fastq.gz,/scratch-cbe/users/thomas.ellis/mix_plate/fastq/H7MWJDSX3_2#188467_AATGCGAACAAATTGGCGGA.fastq.gz,01_data/03_reference_genome/TAIR10_wholeGenome_withVectors.fasta
mix_H10,/scratch-cbe/users/thomas.ellis/mix_plate/fastq/H7MWJDSX3_1#188467_CACCTTAATCTTAGGATAGA.fastq.gz,/scratch-cbe/users/thomas.ellis/mix_plate/fastq/H7MWJDSX3_2#188467_CACCTTAATCTTAGGATAGA.fastq.gz,01_data/03_reference_genome/TAIR10_wholeGenome_withVectors.fasta
mix_H11,/scratch-cbe/users/thomas.ellis/mix_plate/fastq/H7MWJDSX3_1#188467_TTGAATGTTGCGCAATCTAG.fastq.gz,/scratch-cbe/users/thomas.ellis/mix_plate/fastq/H7MWJDSX3_2#188467_TTGAATGTTGCGCAATCTAG.fastq.gz,01_data/03_reference_genome/TAIR10_wholeGenome_withVectors.fasta
mix_H12,/scratch-cbe/users/thomas.ellis/mix_plate/fastq/H7MWJDSX3_1#188467_CCGGTAACACGAGTTGTACT.fastq.gz,/scratch-cbe/users/thomas.ellis/mix_plate/fastq/H7MWJDSX3_2#188467_CCGGTAACACGAGTTGTACT.fastq.gz,01_data/03_reference_genome/TAIR10_wholeGenome_withVectors.fasta
mix_H2,/scratch-cbe/users/thomas.ellis/mix_plate/fastq/H7MWJDSX3_1#188467_AATTCTTGGATTGTCAACTT.fastq.gz,/scratch-cbe/users/thomas.ellis/mix_plate/fastq/H7MWJDSX3_2#188467_AATTCTTGGATTGTCAACTT.fastq.gz,01_data/03_reference_genome/TAIR10_wholeGenome_withVectors.fasta
mix_H3,/scratch-cbe/users/thomas.ellis/mix_plate/fastq/H7MWJDSX3_1#188467_TTCCTACAGCGGCGAATTCT.fastq.gz,/scratch-cbe/users/thomas.ellis/mix_plate/fastq/H7MWJDSX3_2#188467_TTCCTACAGCGGCGAATTCT.fastq.gz,01_data/03_reference_genome/TAIR10_wholeGenome_withVectors.fasta
mix_H4,/scratch-cbe/users/thomas.ellis/mix_plate/fastq/H7MWJDSX3_1#188467_ATCCAGGTATCAACGTCAGC.fastq.gz,/scratch-cbe/users/thomas.ellis/mix_plate/fastq/H7MWJDSX3_2#188467_ATCCAGGTATCAACGTCAGC.fastq.gz,01_data/03_reference_genome/TAIR10_wholeGenome_withVectors.fasta
mix_H5,/scratch-cbe/users/thomas.ellis/mix_plate/fastq/H7MWJDSX3_1#188467_ACGGTCCAACTCTTACATCA.fastq.gz,/scratch-cbe/users/thomas.ellis/mix_plate/fastq/H7MWJDSX3_2#188467_ACGGTCCAACTCTTACATCA.fastq.gz,01_data/03_reference_genome/TAIR10_wholeGenome_withVectors.fasta
mix_H6,/scratch-cbe/users/thomas.ellis/mix_plate/fastq/H7MWJDSX3_1#188467_GTAACTTGGTCGCCATACCT.fastq.gz,/scratch-cbe/users/thomas.ellis/mix_plate/fastq/H7MWJDSX3_2#188467_GTAACTTGGTCGCCATACCT.fastq.gz,01_data/03_reference_genome/TAIR10_wholeGenome_withVectors.fasta
mix_H7,/scratch-cbe/users/thomas.ellis/mix_plate/fastq/H7MWJDSX3_1#188467_AGCGCCACACCTAATGTCTT.fastq.gz,/scratch-cbe/users/thomas.ellis/mix_plate/fastq/H7MWJDSX3_2#188467_AGCGCCACACCTAATGTCTT.fastq.gz,01_data/03_reference_genome/TAIR10_wholeGenome_withVectors.fasta
mix_H8,/scratch-cbe/users/thomas.ellis/mix_plate/fastq/H7MWJDSX3_1#188467_TGCTACTGCCCAACCGGAGG.fastq.gz,/scratch-cbe/users/thomas.ellis/mix_plate/fastq/H7MWJDSX3_2#188467_TGCTACTGCCCAACCGGAGG.fastq.gz,01_data/03_reference_genome/TAIR10_wholeGenome_withVectors.fasta
mix_H9,/scratch-cbe/users/thomas.ellis/mix_plate/fastq/H7MWJDSX3_1#188467_CAACACCGCAGGCAGTAGCA.fastq.gz,/scratch-cbe/users/thomas.ellis/mix_plate/fastq/H7MWJDSX3_2#188467_CAACACCGCAGGCAGTAGCA.fastq.gz,01_data/03_reference_genome/TAIR10_wholeGenome_withVectors.fasta
