sample,fastq_1,fastq_2
t16_p4_A2_F2_D1,/scratch-cbe/users/thomas.ellis/6046x6191/fastq/t16_p4/HY5W7DMXX_1#148028_ATCTCAGGGAGCCTTA.fastq.gz,/scratch-cbe/users/thomas.ellis/6046x6191/fastq/t16_p4/HY5W7DMXX_2#148028_ATCTCAGGGAGCCTTA.fastq.gz
t16_p4_A5_F2_D1,/scratch-cbe/users/thomas.ellis/6046x6191/fastq/t16_p4/HY5W7DMXX_1#148028_GCGTAGTAGAGCCTTA.fastq.gz,/scratch-cbe/users/thomas.ellis/6046x6191/fastq/t16_p4/HY5W7DMXX_2#148028_GCGTAGTAGAGCCTTA.fastq.gz
t16_p4_A7_F2_D2,/scratch-cbe/users/thomas.ellis/6046x6191/fastq/t16_p4/HY5W7DMXX_1#148028_TACGCTGCGAGCCTTA.fastq.gz,/scratch-cbe/users/thomas.ellis/6046x6191/fastq/t16_p4/HY5W7DMXX_2#148028_TACGCTGCGAGCCTTA.fastq.gz
t16_p4_B2_F2_D1,/scratch-cbe/users/thomas.ellis/6046x6191/fastq/t16_p4/HY5W7DMXX_1#148028_ATCTCAGGTTATGCGA.fastq.gz,/scratch-cbe/users/thomas.ellis/6046x6191/fastq/t16_p4/HY5W7DMXX_2#148028_ATCTCAGGTTATGCGA.fastq.gz
t16_p4_B5_F2_D1,/scratch-cbe/users/thomas.ellis/6046x6191/fastq/t16_p4/HY5W7DMXX_1#148028_GCGTAGTATTATGCGA.fastq.gz,/scratch-cbe/users/thomas.ellis/6046x6191/fastq/t16_p4/HY5W7DMXX_2#148028_GCGTAGTATTATGCGA.fastq.gz
t16_p4_B7_F2_D1,/scratch-cbe/users/thomas.ellis/6046x6191/fastq/t16_p4/HY5W7DMXX_1#148028_TACGCTGCTTATGCGA.fastq.gz,/scratch-cbe/users/thomas.ellis/6046x6191/fastq/t16_p4/HY5W7DMXX_2#148028_TACGCTGCTTATGCGA.fastq.gz
t16_p4_C2_F2_D1,/scratch-cbe/users/thomas.ellis/6046x6191/fastq/t16_p4/HY5W7DMXX_1#148028_ATCTCAGGGCGTATAT.fastq.gz,/scratch-cbe/users/thomas.ellis/6046x6191/fastq/t16_p4/HY5W7DMXX_2#148028_ATCTCAGGGCGTATAT.fastq.gz
t16_p4_C5_F2_D1,/scratch-cbe/users/thomas.ellis/6046x6191/fastq/t16_p4/HY5W7DMXX_1#148028_GCGTAGTAGCGTATAT.fastq.gz,/scratch-cbe/users/thomas.ellis/6046x6191/fastq/t16_p4/HY5W7DMXX_2#148028_GCGTAGTAGCGTATAT.fastq.gz
t16_p4_C7_F2_D2,/scratch-cbe/users/thomas.ellis/6046x6191/fastq/t16_p4/HY5W7DMXX_1#148028_TACGCTGCGCGTATAT.fastq.gz,/scratch-cbe/users/thomas.ellis/6046x6191/fastq/t16_p4/HY5W7DMXX_2#148028_TACGCTGCGCGTATAT.fastq.gz
t16_p4_D2_F2_D1,/scratch-cbe/users/thomas.ellis/6046x6191/fastq/t16_p4/HY5W7DMXX_1#148028_ATCTCAGGCGCACAGA.fastq.gz,/scratch-cbe/users/thomas.ellis/6046x6191/fastq/t16_p4/HY5W7DMXX_2#148028_ATCTCAGGCGCACAGA.fastq.gz
t16_p4_D5_F2_D1,/scratch-cbe/users/thomas.ellis/6046x6191/fastq/t16_p4/HY5W7DMXX_1#148028_GCGTAGTACGCACAGA.fastq.gz,/scratch-cbe/users/thomas.ellis/6046x6191/fastq/t16_p4/HY5W7DMXX_2#148028_GCGTAGTACGCACAGA.fastq.gz
t16_p4_D7_F2_D2,/scratch-cbe/users/thomas.ellis/6046x6191/fastq/t16_p4/HY5W7DMXX_1#148028_TACGCTGCCGCACAGA.fastq.gz,/scratch-cbe/users/thomas.ellis/6046x6191/fastq/t16_p4/HY5W7DMXX_2#148028_TACGCTGCCGCACAGA.fastq.gz
t16_p4_E2_F2_D2,/scratch-cbe/users/thomas.ellis/6046x6191/fastq/t16_p4/HY5W7DMXX_1#148028_ATCTCAGGACGATCAC.fastq.gz,/scratch-cbe/users/thomas.ellis/6046x6191/fastq/t16_p4/HY5W7DMXX_2#148028_ATCTCAGGACGATCAC.fastq.gz
t16_p4_E5_F2_D1,/scratch-cbe/users/thomas.ellis/6046x6191/fastq/t16_p4/HY5W7DMXX_1#148028_GCGTAGTAACGATCAC.fastq.gz,/scratch-cbe/users/thomas.ellis/6046x6191/fastq/t16_p4/HY5W7DMXX_2#148028_GCGTAGTAACGATCAC.fastq.gz
t16_p4_E7_F2_D1,/scratch-cbe/users/thomas.ellis/6046x6191/fastq/t16_p4/HY5W7DMXX_1#148028_TACGCTGCACGATCAC.fastq.gz,/scratch-cbe/users/thomas.ellis/6046x6191/fastq/t16_p4/HY5W7DMXX_2#148028_TACGCTGCACGATCAC.fastq.gz
t16_p4_F5_F2_D2,/scratch-cbe/users/thomas.ellis/6046x6191/fastq/t16_p4/HY5W7DMXX_1#148028_GCGTAGTATACGATCG.fastq.gz,/scratch-cbe/users/thomas.ellis/6046x6191/fastq/t16_p4/HY5W7DMXX_2#148028_GCGTAGTATACGATCG.fastq.gz
t16_p4_F7_F2_D1,/scratch-cbe/users/thomas.ellis/6046x6191/fastq/t16_p4/HY5W7DMXX_1#148028_TACGCTGCTACGATCG.fastq.gz,/scratch-cbe/users/thomas.ellis/6046x6191/fastq/t16_p4/HY5W7DMXX_2#148028_TACGCTGCTACGATCG.fastq.gz
t16_p4_G2_F2_D1,/scratch-cbe/users/thomas.ellis/6046x6191/fastq/t16_p4/HY5W7DMXX_1#148028_ATCTCAGGAGTGCGCA.fastq.gz,/scratch-cbe/users/thomas.ellis/6046x6191/fastq/t16_p4/HY5W7DMXX_2#148028_ATCTCAGGAGTGCGCA.fastq.gz
t16_p4_G5_F2_D2,/scratch-cbe/users/thomas.ellis/6046x6191/fastq/t16_p4/HY5W7DMXX_1#148028_GCGTAGTAAGTGCGCA.fastq.gz,/scratch-cbe/users/thomas.ellis/6046x6191/fastq/t16_p4/HY5W7DMXX_2#148028_GCGTAGTAAGTGCGCA.fastq.gz
t16_p4_H2_F2_D2,/scratch-cbe/users/thomas.ellis/6046x6191/fastq/t16_p4/HY5W7DMXX_1#148028_ATCTCAGGATCTACGA.fastq.gz,/scratch-cbe/users/thomas.ellis/6046x6191/fastq/t16_p4/HY5W7DMXX_2#148028_ATCTCAGGATCTACGA.fastq.gz
t16_p4_H7_F2_D1,/scratch-cbe/users/thomas.ellis/6046x6191/fastq/t16_p4/HY5W7DMXX_1#148028_TACGCTGCATCTACGA.fastq.gz,/scratch-cbe/users/thomas.ellis/6046x6191/fastq/t16_p4/HY5W7DMXX_2#148028_TACGCTGCATCTACGA.fastq.gz
t4_p1_A3_F2_D2,/scratch-cbe/users/thomas.ellis/6046x6191/fastq/t4_p1/HY5W7DMXX_1#148027_AGGCAGAAGAGCCTTA.fastq.gz,/scratch-cbe/users/thomas.ellis/6046x6191/fastq/t4_p1/HY5W7DMXX_2#148027_AGGCAGAAGAGCCTTA.fastq.gz
t4_p1_D10_F2_D1,/scratch-cbe/users/thomas.ellis/6046x6191/fastq/t4_p1/HY5W7DMXX_1#148027_CGAGGCTGCGCACAGA.fastq.gz,/scratch-cbe/users/thomas.ellis/6046x6191/fastq/t4_p1/HY5W7DMXX_2#148027_CGAGGCTGCGCACAGA.fastq.gz
t4_p1_E10_F2_D1,/scratch-cbe/users/thomas.ellis/6046x6191/fastq/t4_p1/HY5W7DMXX_1#148027_CGAGGCTGACGATCAC.fastq.gz,/scratch-cbe/users/thomas.ellis/6046x6191/fastq/t4_p1/HY5W7DMXX_2#148027_CGAGGCTGACGATCAC.fastq.gz
t4_p1_G3_F2_D1,/scratch-cbe/users/thomas.ellis/6046x6191/fastq/t4_p1/HY5W7DMXX_1#148027_AGGCAGAAAGTGCGCA.fastq.gz,/scratch-cbe/users/thomas.ellis/6046x6191/fastq/t4_p1/HY5W7DMXX_2#148027_AGGCAGAAAGTGCGCA.fastq.gz
t4_p1_G6_F2_D2,/scratch-cbe/users/thomas.ellis/6046x6191/fastq/t4_p1/HY5W7DMXX_1#148027_TAGGCATGAGTGCGCA.fastq.gz,/scratch-cbe/users/thomas.ellis/6046x6191/fastq/t4_p1/HY5W7DMXX_2#148027_TAGGCATGAGTGCGCA.fastq.gz
t4_p1_H10_F2_D2,/scratch-cbe/users/thomas.ellis/6046x6191/fastq/t4_p1/HY5W7DMXX_1#148027_CGAGGCTGATCTACGA.fastq.gz,/scratch-cbe/users/thomas.ellis/6046x6191/fastq/t4_p1/HY5W7DMXX_2#148027_CGAGGCTGATCTACGA.fastq.gz
t16_p5_A4_F2_D1,/scratch-cbe/users/thomas.ellis/6046x6191/fastq/t16_p5/HHHY7DSX2_1#169203_GGAGCTACGTGTATCA.fastq.gz,/scratch-cbe/users/thomas.ellis/6046x6191/fastq/t16_p5/HHHY7DSX2_2#169203_GGAGCTACGTGTATCA.fastq.gz
t16_p5_B10_F2_D2,/scratch-cbe/users/thomas.ellis/6046x6191/fastq/t16_p5/HHHY7DSX2_1#169203_ACTGAGCGACATATCG.fastq.gz,/scratch-cbe/users/thomas.ellis/6046x6191/fastq/t16_p5/HHHY7DSX2_2#169203_ACTGAGCGACATATCG.fastq.gz
t16_p5_B4_F2_D2,/scratch-cbe/users/thomas.ellis/6046x6191/fastq/t16_p5/HHHY7DSX2_1#169203_GGAGCTACACATATCG.fastq.gz,/scratch-cbe/users/thomas.ellis/6046x6191/fastq/t16_p5/HHHY7DSX2_2#169203_GGAGCTACACATATCG.fastq.gz
t16_p5_C10_F2_D1,/scratch-cbe/users/thomas.ellis/6046x6191/fastq/t16_p5/HHHY7DSX2_1#169203_ACTGAGCGCGCTAGAG.fastq.gz,/scratch-cbe/users/thomas.ellis/6046x6191/fastq/t16_p5/HHHY7DSX2_2#169203_ACTGAGCGCGCTAGAG.fastq.gz
t16_p5_D10_F2_D2,/scratch-cbe/users/thomas.ellis/6046x6191/fastq/t16_p5/HHHY7DSX2_1#169203_ACTGAGCGGATATATC.fastq.gz,/scratch-cbe/users/thomas.ellis/6046x6191/fastq/t16_p5/HHHY7DSX2_2#169203_ACTGAGCGGATATATC.fastq.gz
t16_p5_D4_F2_D1,/scratch-cbe/users/thomas.ellis/6046x6191/fastq/t16_p5/HHHY7DSX2_1#169203_GGAGCTACGATATATC.fastq.gz,/scratch-cbe/users/thomas.ellis/6046x6191/fastq/t16_p5/HHHY7DSX2_2#169203_GGAGCTACGATATATC.fastq.gz
t16_p5_E10_F2_D1,/scratch-cbe/users/thomas.ellis/6046x6191/fastq/t16_p5/HHHY7DSX2_1#169203_ACTGAGCGCACAGAGA.fastq.gz,/scratch-cbe/users/thomas.ellis/6046x6191/fastq/t16_p5/HHHY7DSX2_2#169203_ACTGAGCGCACAGAGA.fastq.gz
t16_p5_E4_F2_D2,/scratch-cbe/users/thomas.ellis/6046x6191/fastq/t16_p5/HHHY7DSX2_1#169203_GGAGCTACCACAGAGA.fastq.gz,/scratch-cbe/users/thomas.ellis/6046x6191/fastq/t16_p5/HHHY7DSX2_2#169203_GGAGCTACCACAGAGA.fastq.gz
t16_p5_F10_F2_D1,/scratch-cbe/users/thomas.ellis/6046x6191/fastq/t16_p5/HHHY7DSX2_1#169203_ACTGAGCGTATCTCTG.fastq.gz,/scratch-cbe/users/thomas.ellis/6046x6191/fastq/t16_p5/HHHY7DSX2_2#169203_ACTGAGCGTATCTCTG.fastq.gz
t16_p5_F4_F2_D2,/scratch-cbe/users/thomas.ellis/6046x6191/fastq/t16_p5/HHHY7DSX2_1#169203_GGAGCTACTATCTCTG.fastq.gz,/scratch-cbe/users/thomas.ellis/6046x6191/fastq/t16_p5/HHHY7DSX2_2#169203_GGAGCTACTATCTCTG.fastq.gz
t16_p5_G10_F2_D2,/scratch-cbe/users/thomas.ellis/6046x6191/fastq/t16_p5/HHHY7DSX2_1#169203_ACTGAGCGGCGCACAG.fastq.gz,/scratch-cbe/users/thomas.ellis/6046x6191/fastq/t16_p5/HHHY7DSX2_2#169203_ACTGAGCGGCGCACAG.fastq.gz
t16_p5_G4_F2_D1,/scratch-cbe/users/thomas.ellis/6046x6191/fastq/t16_p5/HHHY7DSX2_1#169203_GGAGCTACGCGCACAG.fastq.gz,/scratch-cbe/users/thomas.ellis/6046x6191/fastq/t16_p5/HHHY7DSX2_2#169203_GGAGCTACGCGCACAG.fastq.gz
t16_p5_H10_F2_D1,/scratch-cbe/users/thomas.ellis/6046x6191/fastq/t16_p5/HHHY7DSX2_1#169203_ACTGAGCGGAGAGTGT.fastq.gz,/scratch-cbe/users/thomas.ellis/6046x6191/fastq/t16_p5/HHHY7DSX2_2#169203_ACTGAGCGGAGAGTGT.fastq.gz
t16_p5_H4_F2_D1,/scratch-cbe/users/thomas.ellis/6046x6191/fastq/t16_p5/HHHY7DSX2_1#169203_GGAGCTACGAGAGTGT.fastq.gz,/scratch-cbe/users/thomas.ellis/6046x6191/fastq/t16_p5/HHHY7DSX2_2#169203_GGAGCTACGAGAGTGT.fastq.gz
t4_p3_A12_F2_D2,/scratch-cbe/users/thomas.ellis/6046x6191/fastq/t4_p3/HHHY7DSX2_1#169199_GTAGAGGAGTGTATCA.fastq.gz,/scratch-cbe/users/thomas.ellis/6046x6191/fastq/t4_p3/HHHY7DSX2_2#169199_GTAGAGGAGTGTATCA.fastq.gz
t4_p3_A2_F2_D1,/scratch-cbe/users/thomas.ellis/6046x6191/fastq/t4_p3/HHHY7DSX2_1#169199_CGTACTAGGTGTATCA.fastq.gz,/scratch-cbe/users/thomas.ellis/6046x6191/fastq/t4_p3/HHHY7DSX2_2#169199_CGTACTAGGTGTATCA.fastq.gz
t4_p3_B12_F2_D2,/scratch-cbe/users/thomas.ellis/6046x6191/fastq/t4_p3/HHHY7DSX2_1#169199_GTAGAGGAACATATCG.fastq.gz,/scratch-cbe/users/thomas.ellis/6046x6191/fastq/t4_p3/HHHY7DSX2_2#169199_GTAGAGGAACATATCG.fastq.gz
t4_p3_B2_F2_D2,/scratch-cbe/users/thomas.ellis/6046x6191/fastq/t4_p3/HHHY7DSX2_1#169199_CGTACTAGACATATCG.fastq.gz,/scratch-cbe/users/thomas.ellis/6046x6191/fastq/t4_p3/HHHY7DSX2_2#169199_CGTACTAGACATATCG.fastq.gz
t4_p3_C12_F2_D2,/scratch-cbe/users/thomas.ellis/6046x6191/fastq/t4_p3/HHHY7DSX2_1#169199_GTAGAGGACGCTAGAG.fastq.gz,/scratch-cbe/users/thomas.ellis/6046x6191/fastq/t4_p3/HHHY7DSX2_2#169199_GTAGAGGACGCTAGAG.fastq.gz
t4_p3_C2_F2_D2,/scratch-cbe/users/thomas.ellis/6046x6191/fastq/t4_p3/HHHY7DSX2_1#169199_CGTACTAGCGCTAGAG.fastq.gz,/scratch-cbe/users/thomas.ellis/6046x6191/fastq/t4_p3/HHHY7DSX2_2#169199_CGTACTAGCGCTAGAG.fastq.gz
t4_p3_D12_F2_D2,/scratch-cbe/users/thomas.ellis/6046x6191/fastq/t4_p3/HHHY7DSX2_1#169199_GTAGAGGAGATATATC.fastq.gz,/scratch-cbe/users/thomas.ellis/6046x6191/fastq/t4_p3/HHHY7DSX2_2#169199_GTAGAGGAGATATATC.fastq.gz
t4_p3_D2_F2_D2,/scratch-cbe/users/thomas.ellis/6046x6191/fastq/t4_p3/HHHY7DSX2_1#169199_CGTACTAGGATATATC.fastq.gz,/scratch-cbe/users/thomas.ellis/6046x6191/fastq/t4_p3/HHHY7DSX2_2#169199_CGTACTAGGATATATC.fastq.gz
t4_p3_F12_F2_D1,/scratch-cbe/users/thomas.ellis/6046x6191/fastq/t4_p3/HHHY7DSX2_1#169199_GTAGAGGATATCTCTG.fastq.gz,/scratch-cbe/users/thomas.ellis/6046x6191/fastq/t4_p3/HHHY7DSX2_2#169199_GTAGAGGATATCTCTG.fastq.gz
t4_p3_F2_F2_D2,/scratch-cbe/users/thomas.ellis/6046x6191/fastq/t4_p3/HHHY7DSX2_1#169199_CGTACTAGTATCTCTG.fastq.gz,/scratch-cbe/users/thomas.ellis/6046x6191/fastq/t4_p3/HHHY7DSX2_2#169199_CGTACTAGTATCTCTG.fastq.gz
t4_p3_G12_F2_D1,/scratch-cbe/users/thomas.ellis/6046x6191/fastq/t4_p3/HHHY7DSX2_1#169199_GTAGAGGAGCGCACAG.fastq.gz,/scratch-cbe/users/thomas.ellis/6046x6191/fastq/t4_p3/HHHY7DSX2_2#169199_GTAGAGGAGCGCACAG.fastq.gz
t4_p3_G2_F2_D2,/scratch-cbe/users/thomas.ellis/6046x6191/fastq/t4_p3/HHHY7DSX2_1#169199_CGTACTAGGCGCACAG.fastq.gz,/scratch-cbe/users/thomas.ellis/6046x6191/fastq/t4_p3/HHHY7DSX2_2#169199_CGTACTAGGCGCACAG.fastq.gz
t4_p3_H12_F2_D1,/scratch-cbe/users/thomas.ellis/6046x6191/fastq/t4_p3/HHHY7DSX2_1#169199_GTAGAGGAGAGAGTGT.fastq.gz,/scratch-cbe/users/thomas.ellis/6046x6191/fastq/t4_p3/HHHY7DSX2_2#169199_GTAGAGGAGAGAGTGT.fastq.gz
t4_p3_H2_F2_D2,/scratch-cbe/users/thomas.ellis/6046x6191/fastq/t4_p3/HHHY7DSX2_1#169199_CGTACTAGGAGAGTGT.fastq.gz,/scratch-cbe/users/thomas.ellis/6046x6191/fastq/t4_p3/HHHY7DSX2_2#169199_CGTACTAGGAGAGTGT.fastq.gz
t16_p4_H5_P_6046,/scratch-cbe/users/thomas.ellis/6046x6191/fastq/t16_p4/HY5W7DMXX_1#148028_GCGTAGTAATCTACGA.fastq.gz,/scratch-cbe/users/thomas.ellis/6046x6191/fastq/t16_p4/HY5W7DMXX_2#148028_GCGTAGTAATCTACGA.fastq.gz
t16_p5_A10_P_6191,/scratch-cbe/users/thomas.ellis/6046x6191/fastq/t16_p5/HHHY7DSX2_1#169203_ACTGAGCGGTGTATCA.fastq.gz,/scratch-cbe/users/thomas.ellis/6046x6191/fastq/t16_p5/HHHY7DSX2_2#169203_ACTGAGCGGTGTATCA.fastq.gz
t16_p5_C4_P_6046,/scratch-cbe/users/thomas.ellis/6046x6191/fastq/t16_p5/HHHY7DSX2_1#169203_GGAGCTACCGCTAGAG.fastq.gz,/scratch-cbe/users/thomas.ellis/6046x6191/fastq/t16_p5/HHHY7DSX2_2#169203_GGAGCTACCGCTAGAG.fastq.gz
t4_p3_E12_P_6046,/scratch-cbe/users/thomas.ellis/6046x6191/fastq/t4_p3/HHHY7DSX2_1#169199_GTAGAGGACACAGAGA.fastq.gz,/scratch-cbe/users/thomas.ellis/6046x6191/fastq/t4_p3/HHHY7DSX2_2#169199_GTAGAGGACACAGAGA.fastq.gz
